/*
SQLyog Ultimate v12.09 (64 bit)
MySQL - 5.5.27 : Database - second-hand-school
*********************************************************************
*/

/*!40101 SET NAMES utf8 */;

/*!40101 SET SQL_MODE=''*/;

/*!40014 SET @OLD_UNIQUE_CHECKS=@@UNIQUE_CHECKS, UNIQUE_CHECKS=0 */;
/*!40014 SET @OLD_FOREIGN_KEY_CHECKS=@@FOREIGN_KEY_CHECKS, FOREIGN_KEY_CHECKS=0 */;
/*!40101 SET @OLD_SQL_MODE=@@SQL_MODE, SQL_MODE='NO_AUTO_VALUE_ON_ZERO' */;
/*!40111 SET @OLD_SQL_NOTES=@@SQL_NOTES, SQL_NOTES=0 */;
CREATE DATABASE /*!32312 IF NOT EXISTS*/`second-hand-school` /*!40100 DEFAULT CHARACTER SET utf8 */;

USE `second-hand-school`;

/*Table structure for table `sh_admin` */

DROP TABLE IF EXISTS `sh_admin`;

CREATE TABLE `sh_admin` (
  `aid` int(11) NOT NULL AUTO_INCREMENT COMMENT '管理员id',
  `username` varchar(32) DEFAULT NULL COMMENT '账号',
  `password` varchar(32) DEFAULT NULL COMMENT '密码',
  `nickname` varchar(32) DEFAULT NULL COMMENT '昵称',
  `sex` varchar(20) DEFAULT NULL COMMENT '性别',
  PRIMARY KEY (`aid`)
) ENGINE=InnoDB AUTO_INCREMENT=4 DEFAULT CHARSET=utf8;

/*Data for the table `sh_admin` */

insert  into `sh_admin`(`aid`,`username`,`password`,`nickname`,`sex`) values (1,'admin','admin','管理员Admin','男'),(2,'bdmin','bdmin','管理员Bdmin','女'),(3,'aa','aa','管理员AAaa','男');

/*Table structure for table `sh_cart` */

DROP TABLE IF EXISTS `sh_cart`;

CREATE TABLE `sh_cart` (
  `cartid` int(11) NOT NULL AUTO_INCREMENT,
  `uid` int(11) DEFAULT NULL,
  `pid` int(11) DEFAULT NULL,
  `num` int(11) DEFAULT NULL,
  `price` decimal(11,3) DEFAULT NULL,
  PRIMARY KEY (`cartid`),
  KEY `cart_user` (`uid`),
  KEY `cart prodcut` (`pid`),
  CONSTRAINT `cart prodcut` FOREIGN KEY (`pid`) REFERENCES `sh_product` (`pid`),
  CONSTRAINT `cart_user` FOREIGN KEY (`uid`) REFERENCES `sh_user` (`uid`)
) ENGINE=InnoDB AUTO_INCREMENT=20 DEFAULT CHARSET=utf8;

/*Data for the table `sh_cart` */

insert  into `sh_cart`(`cartid`,`uid`,`pid`,`num`,`price`) values (17,77,1,1,'19.900'),(18,77,14,1,'777.000'),(19,11,1,1,'19.900');

/*Table structure for table `sh_category` */

DROP TABLE IF EXISTS `sh_category`;

CREATE TABLE `sh_category` (
  `cid` int(11) NOT NULL AUTO_INCREMENT,
  `is_parent` int(11) DEFAULT NULL,
  `parent_id` int(11) DEFAULT NULL,
  `cname` varchar(32) DEFAULT NULL,
  `state` int(11) DEFAULT NULL,
  PRIMARY KEY (`cid`)
) ENGINE=InnoDB AUTO_INCREMENT=46 DEFAULT CHARSET=utf8;

/*Data for the table `sh_category` */

insert  into `sh_category`(`cid`,`is_parent`,`parent_id`,`cname`,`state`) values (11,1,0,'书籍 X',1),(12,0,11,'文学',1),(13,0,11,'哲学与宗教',1),(14,0,11,'小说X',1),(15,0,11,'考试教辅',1),(16,0,11,'其他书籍',1),(21,1,0,'手机数码',1),(22,0,21,'华为',1),(23,0,21,'小米',1),(24,0,21,'iPhone',1),(25,0,21,'移动电源',1),(26,0,21,'蓝牙/耳机',1),(27,0,21,'其他手机数码',1),(31,1,0,'服装',1),(32,0,31,'上衣',1),(33,0,31,'裤子',1),(34,0,31,'外套',1),(35,0,31,'其他服装',1),(41,1,0,'日常用品',1),(42,0,41,'洗衣机',1),(43,0,41,'运动用品',1),(44,0,41,'小电器',1),(45,0,41,'其他日常用品',1);

/*Table structure for table `sh_hold` */

DROP TABLE IF EXISTS `sh_hold`;

CREATE TABLE `sh_hold` (
  `hid` int(11) NOT NULL AUTO_INCREMENT,
  `uid` int(11) DEFAULT NULL,
  `hname` varchar(32) DEFAULT NULL,
  `hprice` decimal(11,3) DEFAULT NULL,
  `hnum` int(11) DEFAULT NULL,
  `himage` varchar(150) DEFAULT NULL,
  `hdesc` text,
  `hstate` int(11) DEFAULT NULL,
  PRIMARY KEY (`hid`),
  KEY `hold_user` (`uid`),
  CONSTRAINT `hold_user` FOREIGN KEY (`uid`) REFERENCES `sh_user` (`uid`)
) ENGINE=InnoDB AUTO_INCREMENT=346 DEFAULT CHARSET=utf8;

/*Data for the table `sh_hold` */

insert  into `sh_hold`(`hid`,`uid`,`hname`,`hprice`,`hnum`,`himage`,`hdesc`,`hstate`) values (11,11,'打雪仗','9.990',15,'/90546CAC02FE4112BB714CB024190119.jpg','怀念汪曾祺的方式，就是阅读他的文字。\r\n本书为汪曾祺的散文精选集。\r\n完整收录《五味》《昆明的雨》《人间草木》《星斗其文，赤子其人》等经典名篇。\r\n同时新增《猫》《一技》《名优逸事》《和尚》《一辈古人》等罕见篇目。\r\n从花鸟虫鱼、乡情民俗、凡人小事、旅途见闻等多主题出发。\r\n详尽展现了一代“生活家”汪曾祺的精神世界与生活志趣。\r\n\r\n“你很辛苦，很累了，那么坐下来歇一会儿，喝一杯不凉不烫的清茶，读一点我的作品。”\r\n——汪曾祺',1),(213,11,'防盗网','22.000',2,'/IMGy2018082878151303.jpg','发现增添几分一般儿童的房间布置会体现出孩子的性格特征，或活泼开朗，或内向沉稳，汉子般的干练整洁，公主般的粉红浪漫......这款创意屋形上下双层高低床有六种不一样的尺寸，您可以根据孩子的身高体重选择最合适的一款商品，另外它也是支持来图定制床的尺寸的，你还可以孩子的喜好来定制颜色，创意屋形的设计给孩子奇妙的睡眠体验。',0),(341,11,'方式','777.000',1,'/IMGc2018082800151303.jpg','国家认同副主席',1),(342,11,'痛热感','11.000',14,'/IMGc2018082800151303.jpg','时代水水水水水水水水水水水水水水学信心分顶顶顶顶顶顶顶顶顶顶顶顶顶顶顶顶顶顶',2),(343,11,'二恶','51.000',2,'/IMGc2018082800151303.jpg','时代水水水水水水水水水水水水水水学信心分顶顶顶顶顶顶顶顶顶顶顶顶顶顶顶顶顶顶',0),(344,77,'存储','39.900',2,NULL,'水电费\r\n范德萨的',0),(345,11,'我啊的','1.000',1,'/79435AEAE6F94F6D96CD3557314C1552.jpg','发ukhfkashfl打撒',0);

/*Table structure for table `sh_order` */

DROP TABLE IF EXISTS `sh_order`;

CREATE TABLE `sh_order` (
  `orderid` varchar(50) NOT NULL,
  `uid` int(11) DEFAULT NULL,
  `ordertime` datetime DEFAULT NULL,
  `subtotal` decimal(11,3) DEFAULT NULL,
  `state` int(11) DEFAULT NULL,
  `realname` varchar(32) DEFAULT NULL,
  `address` varchar(32) DEFAULT NULL,
  `telephone` varchar(32) DEFAULT NULL,
  PRIMARY KEY (`orderid`),
  KEY `order_user` (`uid`),
  CONSTRAINT `order_user` FOREIGN KEY (`uid`) REFERENCES `sh_user` (`uid`)
) ENGINE=InnoDB DEFAULT CHARSET=utf8;

/*Data for the table `sh_order` */

insert  into `sh_order`(`orderid`,`uid`,`ordertime`,`subtotal`,`state`,`realname`,`address`,`telephone`) values ('1',11,'2019-02-26 23:46:00','117.000',2,'时断时续','日范德萨范德萨','213212132113'),('1be5d7084295405ba1cbc175f5417809',12,'2019-03-31 00:37:30','59.200',0,NULL,NULL,NULL),('2',11,'2019-03-14 23:47:04','66.000',0,'发发试试','公司士大夫多福多寿','44324747466656'),('213b4f6439f84493985229f0854f3d3d',68,'2019-04-20 03:21:01','440.000',0,NULL,NULL,NULL),('22259b81dfa34fbbad8890c22166ec42',12,'2019-03-31 00:41:39','158.700',0,NULL,NULL,NULL),('3807cc8955754df9935f72c2d1239f39',11,'2019-03-30 22:11:54','99.500',0,NULL,NULL,NULL),('4',12,'2019-03-16 02:25:57','379.000',2,'大神','大苏打似的','2312312321'),('5',13,'2019-03-18 02:25:59','841.000',3,'都是','额外企鹅舞企鹅','223123213'),('57a784fa2869494db5a23afba32b6eba',11,'2019-04-06 00:00:57','806.400',0,NULL,NULL,NULL),('6',11,'2019-03-30 20:08:04','71.000',1,'纪先生','广东培正学院','15217624890'),('7',11,'2019-03-30 20:15:43','99.500',1,NULL,NULL,NULL),('775f0926b3b94ad8969e1b205403c01d',70,'2019-03-31 18:21:13','44.000',1,'大哥','打算重装下','15217624890'),('8',11,'2019-03-30 20:19:03','99.500',1,NULL,NULL,NULL),('9',11,'2019-03-30 20:26:19','19.900',1,NULL,NULL,NULL),('d6776b9d8cac4d088659a2bb1b33a87e',12,'2019-03-31 01:35:35','19.900',0,NULL,NULL,NULL),('d7ff88bcf5cf4eec869897f0239e808c',77,'2019-04-02 01:27:50','79.600',0,NULL,NULL,NULL),('e9a02a055d3042a3bd986cbe22f2b363',77,'2019-04-02 01:28:02','19.900',0,NULL,NULL,NULL),('f21b967540344e7e843041816a4023db',11,'2019-04-08 11:52:05','104.000',0,NULL,NULL,NULL);

/*Table structure for table `sh_orderitem` */

DROP TABLE IF EXISTS `sh_orderitem`;

CREATE TABLE `sh_orderitem` (
  `orderitemid` int(11) NOT NULL AUTO_INCREMENT,
  `orderid` varchar(50) DEFAULT NULL,
  `pid` int(11) DEFAULT NULL,
  `num` int(11) DEFAULT NULL,
  `total` decimal(11,3) DEFAULT NULL,
  PRIMARY KEY (`orderitemid`),
  KEY `orderitem_product` (`pid`),
  KEY `orderitem_order` (`orderid`),
  CONSTRAINT `orderitem_product` FOREIGN KEY (`pid`) REFERENCES `sh_product` (`pid`)
) ENGINE=InnoDB AUTO_INCREMENT=30 DEFAULT CHARSET=utf8;

/*Data for the table `sh_orderitem` */

insert  into `sh_orderitem`(`orderitemid`,`orderid`,`pid`,`num`,`total`) values (1,'1',2,1,'24.000'),(2,'1',1,1,'11.000'),(3,'2',13,2,'41.000'),(4,'2',5,3,'12.000'),(5,'1',11,2,'82.000'),(6,'4',14,3,'41.000'),(7,'5',10,2,'23.000'),(8,'6',4,1,'23.000'),(9,'6',2,2,'48.000'),(10,'7',1,5,'99.500'),(11,'8',1,5,'99.500'),(12,'9',1,5,'19.900'),(16,'3807cc8955754df9935f72c2d1239f39',1,5,'99.500'),(17,'1be5d7084295405ba1cbc175f5417809',22,2,'59.200'),(18,'22259b81dfa34fbbad8890c22166ec42',22,2,'59.200'),(19,'22259b81dfa34fbbad8890c22166ec42',1,5,'99.500'),(20,'d6776b9d8cac4d088659a2bb1b33a87e',1,1,'19.900'),(21,'775f0926b3b94ad8969e1b205403c01d',12,1,'22.000'),(22,'775f0926b3b94ad8969e1b205403c01d',13,1,'22.000'),(23,'d7ff88bcf5cf4eec869897f0239e808c',1,4,'79.600'),(24,'e9a02a055d3042a3bd986cbe22f2b363',1,1,'19.900'),(25,'57a784fa2869494db5a23afba32b6eba',14,1,'777.000'),(26,'57a784fa2869494db5a23afba32b6eba',25,1,'29.400'),(27,'f21b967540344e7e843041816a4023db',6,2,'104.000'),(28,'213b4f6439f84493985229f0854f3d3d',3,1,'312.000'),(29,'213b4f6439f84493985229f0854f3d3d',41,4,'128.000');

/*Table structure for table `sh_product` */

DROP TABLE IF EXISTS `sh_product`;

CREATE TABLE `sh_product` (
  `pid` int(11) NOT NULL AUTO_INCREMENT,
  `cid` int(11) DEFAULT NULL,
  `pname` varchar(32) DEFAULT NULL,
  `price` decimal(11,3) DEFAULT NULL,
  `pnum` int(11) DEFAULT NULL,
  `pimage` varchar(150) DEFAULT NULL,
  `pdate` date DEFAULT NULL,
  `pstate` int(11) DEFAULT NULL,
  `is_hot` int(11) DEFAULT NULL,
  `pdesc` text,
  PRIMARY KEY (`pid`),
  KEY `product_category` (`cid`),
  CONSTRAINT `product_category` FOREIGN KEY (`cid`) REFERENCES `sh_category` (`cid`)
) ENGINE=InnoDB AUTO_INCREMENT=100 DEFAULT CHARSET=utf8;

/*Data for the table `sh_product` */

insert  into `sh_product`(`pid`,`cid`,`pname`,`price`,`pnum`,`pimage`,`pdate`,`pstate`,`is_hot`,`pdesc`) values (1,12,'上帝的圣经','19.900',89,'/1.jpg','2019-02-05',1,1,'粉底浪费了啊啊啊。。'),(2,13,'更高的','24.000',6,'/1.jpg','2019-02-18',1,1,'豪华房车比特网'),(3,12,'撒旦撒','312.000',0,'/1.jpg','2018-12-01',0,1,'士大夫大师傅但是'),(4,13,'风斗士','23.000',3,'/1.jpg','2017-01-27',1,0,'体育涂鸦的'),(5,23,'阿光','32.000',2,'/888BE53E4F6D4D739449F379CF2F4BFF.jpg','2018-11-28',1,0,'颠三倒四。。。。'),(6,42,'大侠','52.000',14,'/03AE0D87BC2E47D2A2C9AD0793327636.jpg','2018-06-01',1,1,'11'),(8,34,'犹jc','83.000',2,'/E4B670FC96FC466A911DCDF44AB379BF.jpg','2013-02-12',1,1,'发彩信。大师兄恶趣味、、'),(9,11,'谁谁谁','48.000',11,'/E075E8EF37E741DD9AB848E6FFF52DA0.jpg','2019-03-05',1,0,'阿迪仨~~~~~..'),(10,13,'世界名著','96.000',1,'/DE69EBB3201D472C93A8EEB43224C3A7.jpg','2008-03-17',1,1,'发现者为我。'),(11,42,'创意屋形儿童双层高低床','199.000',1,'/4DCE15502C4542C884BBB14E16BD05A3.jpg','2019-01-11',1,0,'一般儿童的房间布置会体现出孩子的性格特征，或活泼开朗，或内向沉稳，汉子般的干练整洁，公主般的粉红浪漫......这款创意屋形上下双层高低床有六种不一样的尺寸，您可以根据孩子的身高体重选择最合适的一款商品，另外它也是支持来图定制床的尺寸的，你还可以孩子的喜好来定制颜色，创意屋形的设计给孩子奇妙的睡眠体验。'),(12,12,'防盗网','22.000',1,'/IMGy2018082878151303.jpg','2019-03-10',1,1,'发现增添几分一般儿童的房间布置会体现出孩子的性格特\r\n征，或活泼开朗，或内向沉稳，汉子般的干练整洁，公主般\r\n的粉红浪漫......这款创意屋形上下双层高低床有六种不一\r\n样的尺寸，您可以根据孩子的身高体重选择最合适的一款商\r\n品，另外它也是支持来图定制床的尺寸的，你还可以孩子的\r\n喜好来定制颜色，创意屋形的设计给孩子奇妙的睡眠体验。'),(13,24,'防盗网','22.000',1,'/IMGy2018082878151303.jpg','2019-03-10',1,1,'发现增添几分一般儿童的房间布置会体现出孩子的性格特征，或活泼开朗，或内向沉稳，汉子般的干练整洁，公主般的粉红浪漫......这款创意屋形上下双层高低床有六种不一样的尺寸，您可以根据孩子的身高体重选择最合适的一款商品，另外它也是支持来图定制床的尺寸的，你还可以孩子的喜好来定制颜色，创意屋形的设计给孩子奇妙的睡眠体验。'),(14,32,'方式','777.000',0,'/IMGc2018082800151303.jpg','2019-03-10',0,1,'国家认同副主席'),(15,13,'挺热的','140.000',3,'/IMGc2018082800151303.jpg','2019-03-23',1,1,'谷歌收购市场产生的付出'),(16,13,'慢煮生活 精装','35.600',5,'/2.jpg','2019-03-01',1,0,'怀念汪曾祺的方式，就是阅读他的文字。\r\n本书为汪曾祺的散文精选集。\r\n完整收录《五味》《昆明的雨》《人间草木》《星斗其文，赤子其人》等经典名篇。\r\n同时新增《猫》《一技》《名优逸事》《和尚》《一辈古人》等罕见篇目。\r\n从花鸟虫鱼、乡情民俗、凡人小事、旅途见闻等多主题出发。\r\n详尽展现了一代“生活家”汪曾祺的精神世界与生活志趣。\r\n\r\n“你很辛苦，很累了，那么坐下来歇一会儿，喝一杯不凉不烫的清茶，读一点我的作品。”\r\n——汪曾祺'),(17,13,'慢煮生活 精装0','34.600',5,'/2.jpg','2019-02-26',1,1,'怀念汪曾祺的方式，就是阅读他的文字。\r\n本书为汪曾祺的散文精选集。\r\n完整收录《五味》《昆明的雨》《人间草木》《星斗其文，赤子其人》等经典名篇。\r\n同时新增《猫》《一技》《名优逸事》《和尚》《一辈古人》等罕见篇目。\r\n从花鸟虫鱼、乡情民俗、凡人小事、旅途见闻等多主题出发。\r\n详尽展现了一代“生活家”汪曾祺的精神世界与生活志趣。\r\n\r\n“你很辛苦，很累了，那么坐下来歇一会儿，喝一杯不凉不烫的清茶，读一点我的作品。”\r\n——汪曾祺'),(18,13,'慢煮生活 精装1','33.600',5,'/2.jpg','2019-02-20',1,1,'怀念汪曾祺的方式，就是阅读他的文字。\r\n本书为汪曾祺的散文精选集。\r\n完整收录《五味》《昆明的雨》《人间草木》《星斗其文，赤子其人》等经典名篇。\r\n同时新增《猫》《一技》《名优逸事》《和尚》《一辈古人》等罕见篇目。\r\n从花鸟虫鱼、乡情民俗、凡人小事、旅途见闻等多主题出发。\r\n详尽展现了一代“生活家”汪曾祺的精神世界与生活志趣。\r\n\r\n“你很辛苦，很累了，那么坐下来歇一会儿，喝一杯不凉不烫的清茶，读一点我的作品。”\r\n——汪曾祺'),(19,13,'慢煮生活 精装2','32.600',5,'/2.jpg','2019-03-04',1,0,'怀念汪曾祺的方式，就是阅读他的文字。\r\n本书为汪曾祺的散文精选集。\r\n完整收录《五味》《昆明的雨》《人间草木》《星斗其文，赤子其人》等经典名篇。\r\n同时新增《猫》《一技》《名优逸事》《和尚》《一辈古人》等罕见篇目。\r\n从花鸟虫鱼、乡情民俗、凡人小事、旅途见闻等多主题出发。\r\n详尽展现了一代“生活家”汪曾祺的精神世界与生活志趣。\r\n\r\n“你很辛苦，很累了，那么坐下来歇一会儿，喝一杯不凉不烫的清茶，读一点我的作品。”\r\n——汪曾祺'),(20,13,'慢煮生活 精装3','31.600',5,'/2.jpg','2019-01-18',1,1,'怀念汪曾祺的方式，就是阅读他的文字。\r\n本书为汪曾祺的散文精选集。\r\n完整收录《五味》《昆明的雨》《人间草木》《星斗其文，赤子其人》等经典名篇。\r\n同时新增《猫》《一技》《名优逸事》《和尚》《一辈古人》等罕见篇目。\r\n从花鸟虫鱼、乡情民俗、凡人小事、旅途见闻等多主题出发。\r\n详尽展现了一代“生活家”汪曾祺的精神世界与生活志趣。\r\n\r\n“你很辛苦，很累了，那么坐下来歇一会儿，喝一杯不凉不烫的清茶，读一点我的作品。”\r\n——汪曾祺'),(21,13,'慢煮生活 精装4','30.600',5,'/2.jpg','2019-01-15',1,1,'怀念汪曾祺的方式，就是阅读他的文字。\r\n本书为汪曾祺的散文精选集。\r\n完整收录《五味》《昆明的雨》《人间草木》《星斗其文，赤子其人》等经典名篇。\r\n同时新增《猫》《一技》《名优逸事》《和尚》《一辈古人》等罕见篇目。\r\n从花鸟虫鱼、乡情民俗、凡人小事、旅途见闻等多主题出发。\r\n详尽展现了一代“生活家”汪曾祺的精神世界与生活志趣。\r\n\r\n“你很辛苦，很累了，那么坐下来歇一会儿，喝一杯不凉不烫的清茶，读一点我的作品。”\r\n——汪曾祺'),(22,13,'慢煮生活 精装5','29.600',4,'/2.jpg','2019-03-22',1,0,'怀念汪曾祺的方式，就是阅读他的文字。\r\n本书为汪曾祺的散文精选集。\r\n完整收录《五味》《昆明的雨》《人间草木》《星斗其文，赤子其人》等经典名篇。\r\n同时新增《猫》《一技》《名优逸事》《和尚》《一辈古人》等罕见篇目。\r\n从花鸟虫鱼、乡情民俗、凡人小事、旅途见闻等多主题出发。\r\n详尽展现了一代“生活家”汪曾祺的精神世界与生活志趣。\r\n\r\n“你很辛苦，很累了，那么坐下来歇一会儿，喝一杯不凉不烫的清茶，读一点我的作品。”\r\n——汪曾祺'),(23,43,'打雪仗','9.990',15,'/90546CAC02FE4112BB714CB024190119.jpg','2019-04-01',1,1,'怀念汪曾祺的方式，就是阅读他的文字。\r\n本书为汪曾祺的散文精选集。\r\n完整收录《五味》《昆明的雨》《人间草木》《星斗其文，赤子其人》等经典名篇。\r\n同时新增《猫》《一技》《名优逸事》《和尚》《一辈古人》等罕见篇目。\r\n从花鸟虫鱼、乡情民俗、凡人小事、旅途见闻等多主题出发。\r\n详尽展现了一代“生活家”汪曾祺的精神世界与生活志趣。\r\n\r\n“你很辛苦，很累了，那么坐下来歇一会儿，喝一杯不凉不烫的清茶，读一点我的作品。”\r\n——汪曾祺'),(24,12,'美国众神(十周年作者修订版)','41.000',10,'/A1.jpg','2019-01-01',1,0,'《美国众神》内容简介：奥丁、洛奇、安纳西……古老的神明们其实一直居住在美国，以人的姿态生活在我们\r\n\r\n身边，但他们失去了人类的信仰，变得衰弱。高科技、汽车、媒体……新一代的神从这些事物中诞生，凭借人\r\n\r\n类的依赖和信仰而越发强大。\r\n美国这片土地上，新神与旧神的纷争不断升级。为了夺回人们的信仰，北欧主神奥丁穿越整个美国去联合旧神\r\n\r\n，与新神决一死战。一场众神之战即将爆发。'),(25,12,'流浪地球/刘慈欣科幻系列','29.400',9,'/A2.jpg','2019-03-01',1,1,'《流浪地球》是人类科幻史上极具代表性的作品，绽放了“中国想象力”。\r\n《流浪地球》讲述的内容是：科学家们发现太阳将膨胀为一颗红巨星，期间地球表面上的一切将毁灭殆尽，于\r\n\r\n是他们试图建造能将地球发射到其他星球的巨大引擎，以保证人类长远生存。\r\n……庞大的地球逃脱计划开始实施。与此同时，一件又一件曾经无比熟悉的事物从人类身边消失，疑惑和猜忌\r\n\r\n在人类当中引发叛乱之火，道德和伦理不复存在。\r\n在太阳最后灭亡的瞬间，一切都平息了，每个人怀揣着恐惧和希望踏上漫长的流浪之旅……《流浪地球》作品\r\n\r\n场面宏大，描写细腻，富有人文情怀。'),(26,12,'阿瑟•克拉克至高科幻经典(套装共5册)','170.750',10,'/A3.jpg','2018-12-01',1,0,'《与罗摩相会》内容简介：\r\n一直以来，人类偏安于宇宙一角，自以为是宇宙仅有的文明。直到有一天，一个外星文明闯入了人类世界……\r\n2131年，人类的活动遍布整个太阳系，一艘庞大的不明飞行物闯了进来。科学家以印度神话人物“罗摩”为它\r\n\r\n命名，在经过观测之后，科学家发现罗摩其实是一个空心圆柱体，于是派遣一艘飞船与它相会。人类还不知道\r\n\r\n的，他们探索的文明远远大过了自己的认知。\r\n人类从未真正了解宇宙，但从未停止探索。\r\n《童年的终结》\r\n外星人突然降临地球，用压倒性的科技接管了人类社会。战争、饥饿、疾病等一切灾难都被消除，世界变得过\r\n\r\n于平静。\r\n但是，仍然有人对这诡异、颓废的平静感到不安。\r\n外星人为什么不愿露面？\r\n科技发达的他们，为什么要调查地球上的神秘学？\r\n他们的真正目的究竟是什么？\r\n没人意识到，随着人类无法想象的真相揭露，全人类的童年期将走向终结……\r\n通向群星的道路上，所有生命都在走向共同的归宿。\r\n《遥远的地球之歌》内容简介：\r\n公元3620年，地球迎来了末日，但人类仍未灭绝。\r\n人类通过两种太空移民方式，使种族得以延续：\r\n一种是用播种船将基因运送到外星，再在外星直接培养出本土人类。这种移民的历史短暂，却渐渐形成了独有\r\n\r\n的文化体系。\r\n而另一种，则是将末代地球人人体冷冻，用飞船送往外星。这种移民亲眼目睹了地球的毁灭，充满了沉重的使\r\n\r\n命感。\r\n这一天，在遥远的萨拉萨星，截然不同却又无比相似的他们终于相遇了……\r\n百万光年的航道上，地球的末裔谱写着新生的赞歌。\r\n《地光》内容简介\r\n公元22世纪，月球地底被发现蕴含着大量的重金属矿藏。\r\n全太阳系的人类都对矿藏虎视眈眈，而在紧张的气氛下，地球与月球的重要信息却从月球天文站泄露到其他星\r\n\r\n球。\r\n为了调查信息泄露，反间谍专家萨德勒被派往月球。\r\n在荒凉的月球表面，地球反射的光一直照抚着大地。月球“中心城”的奇异生活、跨越环形山的宏伟列车、高\r\n\r\n科技的天文站……月球上的一切都出乎萨德勒的预料。\r\n而就连他也没想到，一场之前没有的太空大战，正迅速逼近这颗静默的星球……\r\n地球反光之下，月球表面之上，人类的历史再次重演。\r\n《神的九十亿个名字》内容简介：\r\n上帝、耶和华、安拉……这些都是人造的符号，神真正的名字是不可呼唤的。\r\n一位僧侣向瓦格纳博士提出了一个奇怪的要求。他需要雇佣两名工程师，将一台自动序列计算机送到圣地香格\r\n\r\n里拉。\r\n计算机日夜运作，三个月后，它将打印出九十亿种字母的排列。其中，将隐藏着至高之神真正的名字。\r\n名录完成的那一刻，真正的神将降临世间……\r\n本书收录了“太空预言家”阿瑟•克拉克18篇经典短篇小说，描绘了它对未来的18种瑰丽幻想。\r\n苍穹之上，群星之间，隐藏着神真正的名字。'),(27,12,'银河帝国:基地(\"银河帝国\"百万册纪念版）','22.750',10,'/A4.jpg','2018-11-21',1,1,'《银河帝国：基地》内容简介：人类蜗居在银河系的一个小角落——太阳系，在围绕太阳旋转的第三颗行星上\r\n\r\n，生活了十多万年之久。\r\n人类在这个小小的行星（他们称之为“地球”）上，建立了两百多个不同的行政区域（他们称之为“国家”）\r\n\r\n，直到地球上诞生了 个会思考的机器人。\r\n在机器人的帮助下，人类迅速掌握了改造外星球的技术，开启了恢弘的星际殖民运动；人类在银河系如蝗虫般\r\n\r\n繁衍扩张，带着他们永不磨灭的愚昧与智慧、贪婪与良知，登上了一个个荒凉的星球，并将银河系卷入漫长的\r\n\r\n星际战国时代，直至整个银河被统一，一个统治超过2500万个住人行星、疆域横跨十万光年、总计数兆亿人口\r\n\r\n的庞大帝国崛起——银河帝国。\r\n一个微妙的转折发生在银河帝国建国后的12020年。哈里•谢顿，这个刚满32岁的年轻数学家，开创了“心理史\r\n\r\n学”，这门学科能用数学公式准确推演全人类的未来——“预言”从此成为一门可以信任的科学，人类由此可\r\n\r\n以看见未来。\r\n谢顿的 个预言是：虽然毫无征兆，但已存在一万两千年之久的银河帝国即将灭亡。\r\n一时间，银河震动，帝国飘摇；皇帝、宰相、夺权者、反叛星球，各方势力立刻剑拔弩张，人类银河时代最伟\r\n\r\n大的传奇就此开启……'),(28,12,'植物园的巢穴','29.000',10,'/A5.jpg','2019-04-02',1,1,'《植物园的巢穴》内容简介：植物园的技师佐田不小心跌进一个树洞后，开始遇上接二连三的怪事：房东突然\r\n\r\n长出了母鸡头、牙医太太紧张起来就会变成狗、身边认识的女人都叫千代、水中的青蛙小子说起了人话……\r\n在这个洞底世界里，生活失序，时空交错。佐田惊奇地发现，一切都和他的过去有着千丝万缕的纠葛，当他试\r\n\r\n着整理思绪时，四散的回忆碎片却怎么也拼凑不出完整的人生轨迹。\r\n在那些连他本人都已忘掉的记忆里，究竟隐藏着什么不为人知的秘密？\r\n与往事握手言和，才能被未来温柔以待。'),(29,12,'世界十大文学名著:战争与和平(套装共4册)','51.400',10,'/A6.jpg','2019-02-20',1,0,'《世界十大文学名著:战争与和平(套装共4册)》是一部宏伟巨著，它以战争问题为中心，以库拉金、包尔康斯\r\n\r\n基、劳斯托夫、别竺豪夫四家贵族的生活为线索，展示了19世纪最初15年的俄国历史，描绘了各个阶级的生活\r\n\r\n，是一部再现当时社会风貌的恢弘史诗。作品中的各色人物刻画精准细腻，景物如临眼前，虽是19世纪的小说\r\n\r\n作品，但流传至今，却没有任何隔阂感，其中流露出来对人性的悲悯情怀，穿越时空背景，仍旧撼动人心。《\r\n\r\n战争与和平》恢弘的构思和卓越的艺术描写震惊世界文坛，成为举世公认的世界文学名著和人类宝贵的精神财\r\n\r\n富。英国作家毛姆及诺贝尔文学奖得主罗曼·罗兰称赞它是“有史以来最伟大的小说”，“是我们时代最伟大\r\n\r\n的史诗，是近代的伊利亚特”。'),(30,12,'了不起的盖茨比(中英双语珍藏本)','30.200',10,'/A7.jpg','2019-03-12',1,1,'《了不起的盖茨比(中英双语)》内容简介：上世纪二十年代的美国，空气里弥漫着欢歌与纵饮的气息。一个偶\r\n\r\n然的机会，穷职员尼克闯人了挥金如土的大富翁盖茨比隐秘的世界，惊讶地发现，他内心惟一的牵绊竟是河对\r\n\r\n岸那盏小小的绿灯——灯影婆娑中，住着他心爱的黛西。然而，冰冷的现实容不下飘渺的梦，到头来，盖茨比\r\n\r\n心中的女神只不过是凡尘俗世的物质女郎。当一切真相大白，盖茨比的悲剧人生亦如烟花般，璀璨只是一瞬，\r\n\r\n幻灭才是永恒。菲茨杰拉德起落颠沛的人生正是盖茨比的写照，《了不起的盖茨比(中英双语)》生动地反映了\r\n\r\n上世纪二十年代“美国梦”的破灭，展示了大萧条时朗美国上层社会“荒原时代”的精神面貌。'),(31,12,'浮生六记(全本全译全·注插图珍藏版)','29.900',10,'/A8.jpg','2019-02-26',1,1,'这是沈复写给妻子芸娘的绝美情书。从初见的怦然心动到婚后的举案齐眉；从谈诗论画到赏月弄花，平平淡淡\r\n\r\n的柴米夫妻，将清贫的日子过成了一首诗。他们遭逢家庭变故，半生坎坷，颠沛流离，却一直相扶相依，不离\r\n\r\n不弃。\r\n芸娘病故后，沈复用清丽典雅之笔，作《浮生六记》六卷，以慰生死隔离之相思。\r\n《浮生六记》有着落花流水的时光散漫，庭园梦境的从容静寂，与布衣蔬食的晨光之美。自晚清至今，已流传\r\n\r\n一百余年。'),(32,12,'慢煮生活 精装','30.500',10,'/A9.jpg','2015-05-03',1,0,'怀念汪曾祺的方式，就是阅读他的文字。\r\n本书为汪曾祺的散文精选集。\r\n完整收录《五味》《昆明的雨》《人间草木》《星斗其文，赤子其人》等经典名篇。\r\n同时新增《猫》《一技》《名优逸事》《和尚》《一辈古人》等罕见篇目。\r\n从花鸟虫鱼、乡情民俗、凡人小事、旅途见闻等多主题出发。\r\n详尽展现了一代“生活家”汪曾祺的精神世界与生活志趣。\r\n“你很辛苦，很累了，那么坐下来歇一会儿，喝一杯不凉不烫的清茶，读一点我的作品。”\r\n——汪曾祺'),(33,12,'老人与海(全新未删节插图珍藏版)','28.560',10,'/A10.jpg','2018-12-18',1,1,'“人可以被毁灭，但不能被打败。”一位老人孤身在海上捕鱼，八十四天一无所获，等终于钓到大鱼，用了两\r\n\r\n天两夜才将其刺死。返航途中突遭鲨鱼袭击，经过一天一夜的缠斗，大鱼仅存骨架。但老人并未失去希望和信\r\n\r\n心，休整之后，准备再次出海……'),(34,12,'罗生门','24.320',10,'/A11.jpg','2019-02-05',1,0,'《罗生门》日本文坛的“鬼才”、“短篇小说之神”芥川龙之介擅长描写人物性格与玄妙的心理转折，笔锋犀\r\n\r\n利简洁，常一针见血藉作品暗讽社会丑恶现象。受家庭教养影响，芥川龙之介广泛且大量涉猎中国古代文学与\r\n\r\n世界经典，并常以此做为创作灵感，再加以独树一格的冷峻文笔，寄予独特的人生感怀，直打人性底层黑暗。\r\n\r\n好友菊池宽曾叹：“像他那样高身的教养，优秀的趣味，已及兼备和汉洋学问的作家，今后恐怕绝无仅有。”\r\n本书以“暗黑人性”为基调，精选《竹林中》《杜子春》《河童》等十五篇芥川龙之介经典小说分为四部，带\r\n\r\n领读者全方位认识芥川龙之介的风格与时期变化。'),(35,12,'毛泽东选集(套装全4册)','132.000',10,'/A12.jpg','2019-02-12',1,0,'《毛泽东选集(套装全4册)》包括了毛泽东同志在中国革命各个时期中的重要著作。几年前各地方曾经出过几种\r\n\r\n不同版本的《毛泽东选集》，都是没有经过著者审查的，体例颇为杂乱，文字亦有错讹，有些重要的著作又没\r\n\r\n有收进去。现在的这部选集，是按照中国共产党成立后所经历的各个历史时期并且按照著作年月次序而编辑的\r\n\r\n。这部选集尽可能地搜集了一些为各地方过去印行的集子还没有包括在内的重要著作。选集中的各篇著人，都\r\n\r\n经著者校阅过，其中有些地方著者曾作了一些文字上的修正，也有个别的文章曾作了一些内容上的补充和修改\r\n\r\n。下面有几点属于出版事务的声明：一，现在出版的这个选集，还是不很完备的。由于国民党反动派对于革命\r\n\r\n文献的毁灭，由于在长期战争中革命文献的散失，我们现在还不能够找到毛泽东同志的全部著作，特别是毛泽\r\n\r\n东同志所写的许多书信和电报（这些在毛泽东同志著作中占很大的部分）。二，有些曾经流行的著作，例如《\r\n\r\n农村调查》，遵照著者的意见，没有编入；又如《经济问题与财政问题》，也遵照著者的意见，只编进了其中\r\n\r\n的首章（即《关于过去工作的基本总结》）。三，选集中作了一些注释。其中一部分是属于题解的，附在各篇\r\n\r\n头一页的下面；其他部分，有属于政治性质的，有属于技术性质的，都附在文章的末尾。第四，《毛泽东选集(\r\n\r\n套装全4册)》有两种装订的本子。一种是各时期的著作合订的一卷本，另一种是四卷本。四卷本的首卷包括首\r\n\r\n次国内革命战争时期和第二次国内革命战争时期的著作；第二卷和第三卷包括抗日战争时期的著作；第四卷包\r\n\r\n括第三次国内革命战争时期的著作。'),(36,13,'人生精进系列:好好听话','34.300',10,'/A13.jpg','2019-04-01',1,0,'在恰当的时机对恰当的人说出恰当的话，不仅需要一份聪明，更需要一种智慧。但光会说话还远远不够，还要\r\n\r\n会听话。听是说的前提，说是听的升华。只有听完整，听明白，听深入，才能具备听清话语的能力，理解话语\r\n\r\n的能力，品评话语的能力，才能学得会，说得对，做得好，也才能在生活和工作中获得更多的帮助。'),(37,13,'查拉图斯特拉如是说','33.490',10,'/A14.jpg','2016-06-03',1,1,'《查拉图斯特拉如是说》是尼采的里程碑式的作品，几乎包括了尼采的全部思想。这本以散文诗体写就的杰作\r\n\r\n，以震聋发聩的奇异灼见和横空出世的警世招语宣讲“超人哲学”和“权力意志”，横扫了基督教所造成的精\r\n\r\n神奴性的方方面面，谱写了一曲自由主义的人性壮歌，在这本书里，尼采宣告“上帝死了”，让“超人”出世\r\n\r\n，于是近代人类思想的天空有了一道光耀千年的奇异彩虹。'),(38,13,'终身成长:重新定义成功的思维模式','36.800',10,'/A15.jpg','2019-01-08',1,0,'在对成功的数十年研究后，斯坦福大学心理学家卡罗尔•德韦克发现了思维模式的力量。她在《终身成长》中表\r\n\r\n明，我们获得的成功并不是能力和天赋决定的，更受到我们在追求目标的过程中展现的思维模式的影响。\r\n她介绍了两种思维模式：固定型与成长型，它们体现了应对成功与失败、成绩与挑战时的两种基本心态。你认\r\n\r\n为才智和努力哪个重要，能力能否通过努力改变，决定了你是会满足于既有成果还是会积极探索新知。只有用\r\n\r\n正确的思维模式看待问题，才能更好地达成人生和职业目标。\r\n德韦克揭示的成功法则已被很多具有发展眼光的父母、老师、运动员和管理者应用，并在实践中得到了验证。\r\n\r\n通过了解自己的思维模式并做出改变，人们能以最简单的方式培养对学习的热情，和在任何领域内取得成功都\r\n\r\n需要的抗压力。'),(39,13,'千面英雄','64.930',10,'/A16.jpg','2019-01-15',1,1,'[内容简介]\r\n约瑟夫•坎贝尔历尽多年搜寻阅读了全球各地的神话与宗教故事，将这些故事中的共通的奥秘汇集在几百页的《\r\n\r\n千面英雄》中，将神话之源轻松显现在世人面前。\r\n坎贝尔告诉我们，英雄的旅程主要包括以下几个主要阶段。启程：放弃当前的处境,进入历险的领域；启蒙：获\r\n\r\n得某种以象征性方式表达出来的领悟；考验：陷入险境，与命运搏斗；归来：最后再度回到正常生活的场域。\r\n\r\n这是每一位英雄的必经之路。\r\n穿越古今，打通全世界神话中的经脉，帮助现代人重拾解读神话的本能，让希腊、北欧、印度、埃及、中国神\r\n\r\n话再度与我们对话。引领我们发现内心的奥秘，接触终极的真实。鼓励我们开启生命的旅程，彰显生命的深层\r\n\r\n意义，为个人和社会寻找恩赐。\r\n英雄就是能够战胜个人和当地的历史局限性的人，他们能够了解、接受并迎接命运的挑战。我们每个人都是人\r\n\r\n生旅程中接受考验的潜在英雄，只有接受生活的召唤，踏上考验的旅程，生命才能达到丰富多彩的境界。'),(40,13,'死亡、战争与献祭','56.850',10,'/A17.jpg','2019-02-05',1,1,'作为一本在国际范围内享有盛誉的经典著作，作者以语源说、语义学等学科为工具，考察了古代印度、伊朗、\r\n\r\n希腊、罗马、凯尔特、日耳曼等民族的文学与历史文本、语汇、神话、仪式、社会组织结构、法律程序及物质\r\n\r\n遗存。同时，阐发了印欧民族关于战争与献祭的行为及其所蕴涵的生死观；探讨了印欧神话中死亡与葬礼的布\r\n\r\n局，辩说了与之相左的观点；指出了不是共同的语言或共同的血统，而是共同的社会结构和共同的历史境遇才\r\n\r\n产生的印欧民族共同的神话和宗教信仰，并决定了他们活着的方式和死去的方式。'),(41,14,'鲁滨孙漂流记','32.000',6,'/A18.jpg','2019-04-23',1,1,'热爱冒险的鲁滨孙几次出海闯荡，遇到海难被困在荒岛之上。二十八年的孤岛生活仍然未能阻止他的冒险精神\r\n\r\n。面对死亡的威胁，他凭着坚忍的毅力，在蛮荒之地白手起家，造房子、修田地、种植粮食、驯化野兽，与食\r\n\r\n人族大战，勇夺叛变水手控制的商船，历尽千辛万苦，终于脱险，得到可观财富，成为一个时代的传奇人物。\r\n'),(42,14,'金庸作品集：倚天屠龙记（修订版）(全4册)','64.000',10,'/A19.jpg','2019-02-13',1,0,'修订版是金庸在连载完鹿鼎记，宣布封笔后，花了数年时间来修改连载版的小说，修改后的版本称为修订版，\r\n\r\n也就是通常所说的三联版，因为三联出版社出版的金庸全集很受欢迎，所以大部分人都称修订版为三联版，这\r\n\r\n是金庸小说流行最广的版本，本链接为此版本。\r\n本书是1976年版《倚天屠龙记》，是以元朝末年为历史背景，叙述了明教教主、武当弟子张无忌率领明教教众\r\n\r\n和江湖豪杰反抗元朝暴政的故事。不祥的屠龙刀使主人公少年张无忌幼失怙恃，身中玄冥毒掌，历尽江湖险恶\r\n\r\n、种种磨难，最终却造就他一身的绝世武功和慈悲心怀。他是统驭万千教众和武林豪杰的盟主，为救世人于水\r\n\r\n火可以慷慨赴死；他是优柔寡断的多情少年，面对深爱他的赵敏、周芷若和蛛儿，始终无法做出感情抉择'),(43,14,'三体(1-3)(套装共3册)','55.300',10,'/A20.jpg','2019-02-26',1,1,'《三体》三部曲——《三体》《黑暗森林》《死神永生》\r\n文化大革命如火如荼进行的同时，军方探寻外星文明的绝秘计划“红岸工程”取得了突破性进展。但在按下发\r\n\r\n射键的那一刻，历经劫难的叶文洁没有意识到，她彻底改变了人类的命运。\r\n地球文明向宇宙发出的啼鸣声，以太阳为中心，以光速向宇宙深处飞驰……\r\n四光年外，“三体文明”正苦苦挣扎——三颗无规则运行的太阳主导下的百余次毁灭与重生逼迫他们逃离母星\r\n\r\n。而恰在此时，他们接收到了地球发来的信息。\r\n在运用超技术锁死地球人的基础科学之后，三体人庞大的宇宙舰队开始向地球进发……人类的末日悄然来临。'),(44,15,'信息系统项目管理师教程(第3版)','117.300',10,'/A21.jpg','2019-03-24',1,1,'本书是全国计算机技术与软件专业技术资格（水平）考试办公室组织编写的考试指定用书，本书根据2017年出\r\n\r\n版的《信息系统项目管理师考试大纲（第2版）》编写，对信息系统项目管理师岗位所要求的主要知识及应用技\r\n\r\n术进行了阐述。\r\n本书内容包括：信息化和信息化系统、信息系统项目管理基础、项目立项管理、项目整体管理、项目范围管理\r\n\r\n、项目进度管理、项目成本管理、项目质量管理、项目人力资源管理、项目沟通管理和干系人管理、项目风险\r\n\r\n管理、项目采购管理、项目合同管理、信息文档管理与配置管理、知识管理、项目变更管理、战略管理、组织\r\n\r\n级项目管理、流程管理、项目集管理、项目组合管理、信息系统安全管理、信息系统综合测试与管理、项目管\r\n\r\n理成熟度模型、量化的项目管理、知识产权与标准规范、管理科学基础知识、项目管理过程实践和案例分析等\r\n\r\n。\r\n本书是信息系统项目管理师考试应试者必读教材，也可作为信息化教育的培训与辅导用书，还可作为高等院校\r\n\r\n相关专业的教学与参考用书。'),(45,15,'全国翻译专业资格水平考试辅导丛书(修订版)','30.400',10,'/A22.jpg','2019-02-26',1,0,'《全国翻译专业资格水平考试辅导丛书:英语笔译常用词语应试手册(二\\三级通用)(修订版)》选材涉及16个领\r\n\r\n域，包括国情、政治、经济、文化、工业、农业、科技、教育、外交、新闻、艺术、法律、环保、旅游、金融\r\n\r\n贸易、医疗卫生。每个单元包括两部分内容：一是汉英词语和汉英常用表达句；二是英汉词语和英汉常用表达\r\n\r\n句。本手册的编写宗旨是为广大考生提供最新最实用的汉英和英汉常用词语句，帮助考生掌握中国特色常用词\r\n\r\n语的翻译和不同文体的翻译技巧，了解英语国家和中国的背景知识，开拓视野，扩大知识面。'),(46,15,'中公版·(2019)广东省公务员录用考试专业教材','25.100',10,'/A23.jpg','2018-11-05',1,0,'《中公版·2019广东省公务员录用考试专业教材：考前冲刺预测试卷行政职业能力测验》共包括5套考前冲刺预\r\n\r\n测试卷。 \r\n其中，每套试卷均按照2018年广东省公务员考试行测真题的题型、题量来命制，即涵盖言语理解与表达、数量\r\n\r\n关系、判断推理、常识应用、以及资料分析五大部分。每套考前冲刺预测试卷均配有“答案总览”和“试题精\r\n\r\n解”，解析部分经过反复审核，思路清晰、方法合理，让考生在掌握基础考点的基础上学会如何运用解题技巧\r\n\r\n，科学有效备考。'),(47,15,'中公版·(2019)国家公务员录用考试专业教材:法律基础知识','33.400',10,'/A24.jpg','2018-02-03',1,0,'《中公版·2019国家公务员录用考试专业教材：法律基础知识》由宪法、民法、刑法、行政法、诉讼法、社会\r\n\r\n法、经济法、商法、法理学以及司法制度共十章内容组成，集合了公务员录用考试法律学科的核心考点，各个\r\n\r\n部分囊括法律学科知识重要考点，高度契合考试，满足考生复习备战需求，助力考生轻松备战2018年公职考试\r\n\r\n。'),(48,15,'北京外国语大学硕士研究生考试指定参考用书:中式英语之鉴 (英语)','25.900',10,'/A25.jpg','2018-10-25',1,0,'《北京外国语大学硕士研究生考试指定参考用书:中式英语之鉴》十分系统地探讨了中式英语这一非常普遍的现\r\n\r\n象。作者把这些加以归类，然后提供大量的该类别中式英语实例，并逐一修改，同时还扼要地加以分析。每一\r\n\r\n章后面还附有练习，并提供参考答案。对于中国的英语学习者和广大汉译英工作者来说，这是一本很有参考价\r\n\r\n值的书。'),(49,15,'备考2019年6月星火四级英语真题试卷','38.900',10,'/A26.jpg','2019-02-13',1,1,'1.本试卷不仅包含10套真题和3套预测题，而且包含写作、听力、阅读、翻译特训和词汇特训。 \r\n2.每套真题单独装订，方便携带。解析方式采用科学的连线点评解析模式，对真题考点、难点和易错点进行了\r\n\r\n透彻的剖析，解析详细，深入浅出，通俗易懂。 \r\n3.三套预测题高度仿真，不是真题，胜似真题，让考生在考前仿真练习。 \r\n4.《口语备考宝典》内含口试流程、口试热点及模拟练习。'),(50,16,'鸡是半圆形,猫是圆形','39.090',10,'/A27.jpg','2018-12-31',1,1,'《鸡是半圆形，猫是圆形》内容简介：\r\n这本创意无限的简笔画入门书，来自西班牙著名插画家——罗莎•玛丽亚•柯托（Rosa M.Curto），是她最得意\r\n\r\n的手绘作品，是西班牙乃至整个欧洲的绘画爱好者学习简笔画的可选书籍之一，国内目前首次出版。只需掌握8\r\n\r\n种简单图形，就能画出千变万化的奇妙世界。'),(51,16,'作家榜经典:月亮与六便士(全新未删节插图珍藏版)','24.900',10,'/A28.jpg','2019-01-07',1,1,'“满地都是六便士，他却抬头看见了月亮。”\r\n银行家查尔斯，人到中年，事业有成，为了追求内心隐秘的绘画梦想，突然抛妻别子，弃家出走。他深知：人\r\n\r\n的每一种身份都是一种自我绑架，唯有失去是通向自由之途。\r\n在异国他乡，他贫病交加，对梦想却愈发坚定执着。他说：我必须画画，就像溺水的人必须挣扎。\r\n在经历种种离奇遭遇后，他来到南太平洋的一座孤岛，同当地一位姑娘结婚生子，成功创作出一系列惊世杰作\r\n\r\n。就在此时，他被绝症和双目失明击倒，临死之前，他做出了让所有人震惊的决定……\r\n人世漫长得转瞬即逝， 有人见尘埃， 有人见星辰。查尔斯就是那个终其一生在追逐星辰的人。'),(52,22,'华为畅享5s','290.000',2,'/B1.jpg','2017-06-22',1,1,'华为畅享5s自用手机TAG_AL00 转自用华为手机一台。比较新，小磕碰，保护套一直套着用。无拆无维修记录。原装充电器。运行内存2G,存储16G.更多的参数可网上查询。转需要的朋友。本交易仅支持自提、当面交易、邮寄。'),(53,22,'华为p9pLus 4+64g 金色','666.000',2,'/B2.jpg','2019-04-03',1,0,'手机纯原正品，无拆无修，成色实拍很清晰纯原装正品，支持移动联通电信版4g，电信版4g,屏幕完好，功能正\r\n\r\n常，成色边框后盖磨损小磕碰，贴膜带套漂亮到家，精细检测，各项功能完好，运行通畅，玩游戏给力，诚意\r\n\r\n购买，带配件包邮顺丰！本交易支持自提、当面交易、邮寄。'),(54,22,'华为荣耀10','1650.000',2,'/B3.jpg','2019-04-01',1,1,'亮黑128g内存，成色看图，无任何问题，有小磕碰。'),(55,22,'华为T552','580.000',2,'/B4.jpg','2019-04-15',1,0,'华为T552 JAVA系统 ，大声音，触摸屏手写，移动3G，老人孩子的备用手机，机器正常使用，原机原壳，无维\r\n\r\n修无进水，机器新不新自己看视频去，不包邮，没有充电器，卖给有需要的人。'),(56,22,'华为mate20pro全新只拆封手机','2666.000',2,'/B5.jpg','2019-03-13',1,0,'告诉大家个秘密，手机是我在（熊猫速拍）里面抢到的，想玩的可以唯心关注宫中号（熊猫速拍）就可以了,算\r\n\r\n下来花了几百块钱左右就拍到了，挺容易中的，手机就打开盒子没有使用过，盒子配件都在的，因为又中了个\r\n\r\n苹果X，这个就低价便宜出了继续玩，走担保有问题可随时退，不刀 不议价 谢谢，本人不经常在线，下单前请\r\n\r\n先联系我，没有回复证明已卖掉，不联系就下单一律不发货！'),(57,22,'华为Nova4 打有发票，全新机器','2850.000',2,'/B6.jpg','2019-03-29',1,1,'华为Nova4 正品行货正规发票，全新机器，高配4800万像是标配2000万像素都有货。'),(58,22,'华为mate20x 幻影银 6+128g','3780.000',2,'/B7.jpg','2019-03-29',1,1,'玩腻歪了，98新，唯一缺点，大大大大大大大！已贴好第一卫蓝光膜值55元哦。喜欢的收走吧！顺丰到付。全\r\n\r\n套齐全，耳机都没拆过。爽快的送四个个套子。换机玩也行，同价位的来。'),(59,22,'华为 畅玩5','140.000',2,'/B8.jpg','2019-03-29',1,0,'本人是开手机配件店的，有时会回收到客人不要的手机，这台机功能正常，前玻璃破了，壳比较花烂，有兴趣\r\n\r\n可以拿走。'),(60,23,'小米mix2s 黑色 6+64','1499.000',2,'/B14.jpg','2019-03-28',1,1,'小米mix2s 黑色 6+64 95新 成色如图实拍很新 已经解啦BL锁 已刷最新miui10 拍照巨清晰 大型游戏不卡顿 \r\n\r\n吃鸡 王者畅通飞快 机身全面屏设计颜值担当 手机纯原装 功能全好 无拆无修 放心购买 拍照清晰 追剧游戏\r\n\r\n毫无压力随意登录小米账号 随意恢复出厂 不能升级系统机器实机实图拍摄 指纹解锁灵敏 无暗病 所见所得我\r\n\r\n每天都会更新！亲点赞+关注哦！网络：双卡双待全网通成色：自定义95新处理器：骁龙845配件：数据线/手机\r\n\r\n套/钢化膜/质保：手机签收48小时测试有问题包退过期/撕毁防拆标不退邮费：顺丰到付真实拍照：如实描述，\r\n\r\n不做任何欺瞒，做最靠谱品质手机！价格最低：直接最低价，利润很少，不议价，不要浪费彼此的时间！售后\r\n\r\n处理：到货后有任何描述不符/品质问题请第一时间联系我！诚信经营：只卖品质精品手机！ 所见所得 绝不欺\r\n\r\n瞒！ 机器有质量问题均可退货！ 大家放心购买！'),(61,23,'小米8低价出售，买到就是赚到','1999.000',2,'/B15.jpg','2018-06-02',1,1,'买了两个月，无磕碰，无使用痕迹，无磕碰，赠壳和贴膜，低价出售，实体店买的，有发票，配件齐全，6加\r\n\r\n128'),(62,23,'小米mix2s 8+256g','2198.000',2,'/B16.jpg','2019-04-25',1,0,'8+256g。无拆修，边框掉漆。这个是通病。后盖和屏幕完美。价格实价，一分不少自用机。邮费一律顺丰到付\r\n\r\n。手机已经贴了钢化膜了，送手机套。别的没有。。'),(63,23,'小米8 6+64黑 9成新 18.10出厂 无拆修在保','1650.000',2,'/B17.jpg','2019-04-02',1,0,'屏幕划伤 后壳边框无磕碰 无锁无账号 可升级可恢复出厂可登账号 一切功能正常使用 配件盒子也在\r\n'),(64,23,'小米8 6加64G 蓝色 手机购买与小米之家万达店','1899.000',2,'/B18.jpg','2019-04-06',1,0,'小米8 骁龙845 aie处理器 6加64G 蓝色 手机2018年9月22号购买与小米之家万达店 花了2599加上碎屏险一共\r\n\r\n2728元。满打满算用了五个月,保修和碎屏险还有半年多。买来就贴膜带套,无磕无碰无暗病 无拆机。纯一手自\r\n\r\n用的机器, 自定义外观99层新 无划痕无磕碰无掉漆！账号已退,所有的发票原厂配件 数据线充电头都有。带的\r\n\r\n赠品移动电源也送给你。'),(65,24,'iPhone7/7Plus/8Plus/X/XS','7990.000',2,'/B10.jpg','2019-03-19',1,0,'美日版iPhone7/7Plus/8Plus/X二手苹果7代32G.128G，全部黑解好移动联通无锁，插卡即用，无需卡贴，黑解\r\n\r\n之后和国行机无异，非常经济适用，价格更实惠!机器保正品，保全原，无拆修，无进水，无暗病，爱思全过，\r\n\r\n官网可查，专柜可验，质量保障，本店提供半年保修，有任何质量问题，退换货本店承担相应运费！型号：\r\n\r\niPhone7版本：美版内存：32G/128G颜色：黑白金红网络：移动联通4G成色：95-99新（小花/靓机）电池：可\r\n\r\n以挑电池效率90%以上保修：180天支持各种验货！支持各种检测！支持各种查询！下单送：充电头/数据线/包\r\n\r\n装盒/手机套/钢化膜/激活卡。'),(66,24,'iPhone 7 玫瑰金 国行 32G官换机，保修30天','1650.000',2,'/B11.jpg','2019-02-10',1,1,'iPhone 7 玫瑰金 国行 32G官换机，保修30天，官换靓机1900元'),(67,24,'99新iPhone 8 plus 美版全原无划痕 嘎嘎新','3200.000',2,'/B12.jpg','2019-04-03',1,1,'型号：iPhone8 plus网络：双网通4G成色：二手95-99新，边框完美，屏幕完美电池：电池效率97%以上，普遍\r\n\r\n100%充电：个位数的也有功能：功能全部正常，无任何暗病颜色：银色 金色 深空灰 红色 质保：质量问题包\r\n\r\n退换，质保一年，质保一年退货：7天无理由退换货爱思：爱思全绿，支持平台验货担保。本店主做苹果全新和\r\n\r\n二手系列，所有产品均百分百保证正品原装，坚决抵制各类板机，调屏机，调板机，妖机，黑机，公司信誉担\r\n\r\n保，售后更有保障，闲鱼下单，支持各类担保交易。（1.产品说明）苹果X可防水，溅水，过水，支持无线充电\r\n\r\n，支持面部解锁，支持NFC，支持3D压力屏，钢化玻璃后盖，手感极佳，带给你不一样的体验。（2.成色说明）\r\n\r\n本店主做靓机，所有机器都是不存在磕碰刮花这些，成色都很新，激活日期大部分都是在2-8个月之间，电池寿\r\n\r\n命都处于正常范围，可放心购买。（3.关于验机）本店所有产品发货前都会经过严格的检测和调试，均通过PP\r\n\r\n助手验机和爱思助手验机，收到货可自行查询，亦可以拿到专卖店验货，公司信誉担保，真正做到让顾客买的\r\n\r\n放心，用的舒心。（4.关于发货）晚上5点以前下单，最快当天安排发货，5点以后的订单，于第二天晚上发出\r\n\r\n，本店全部发顺丰到付，顺丰到付。（5.关于售后）所有机器，我们都有认真严格检测好各项功能正常才会发\r\n\r\n货。如机器质量问题，店铺支持七天退换，一年保修，底部保修标，是我们店铺保修唯一凭证，请不要撕标，\r\n\r\n撕标不保，下单视为同意保修条款。我们承诺的售后一定办到，一年后如遇到问题也可以联系我们协助处理，\r\n\r\n利润微薄，请大家一定遵守规则。互相理解支持！（6.特别说明）二手系列鱼龙混杂，请不要单看价格，一味\r\n\r\n只看价格不看质量，只能上当受骗，选二手，靠谱最重要，选择企业直营店，杜绝以次充好，货源有保障，售\r\n\r\n后更放心！大刀勿扰，到手刀勿扰，诚信经营，服务至上！购机赠礼：充电头，数据线，贴膜，手机套。要用\r\n\r\n电信卡的私聊我欢迎大家来抢购。'),(68,24,'#iPhone#iphoneSE 移动联通电信4G','610.000',2,'/B13.jpg','2019-03-13',1,0,' iPhone SE 速度流畅运行，满足游戏及日常应用软件，1200万像素拍照。'),(69,24,'iphone8plus美版三网通苹果8p64g/256g全原','3199.000',2,'/B14.jpg','2019-03-25',1,1,'iphone8plus美版三网通苹果8p64g/256g全原 苹果8Plus64G/美版iPhone8Plus/X 美版苹果8Plus 64G三网，\r\n\r\n移动联通电信已经解好无锁，插卡即用，无需卡贴，跟无锁机一样！成色小花靓机都有，全部保正品，保全原\r\n\r\n，爱思全绿，支持各种渠道查询！ 型号：美版iPhone8Plus内存：64G尺寸：5.5寸颜色：黑/白/金/红色网络\r\n\r\n：移动4G /联通4G /电信4G成色：95-99新可选电池：电池寿命都是90以上 可挑95保修：半年【撕标不保 拆\r\n\r\n修不保 浸水不保】 支持各种验机！支持各种查询！支持各种检测！ 需要哪款直接点右下角我想要联系我报当\r\n\r\n天的价格！ 郑重承诺：不是全原包退换！！！爱思不过包退换！！！质量不好包退换！！！不满意，包退换！\r\n\r\n！！ 配件：充电头/数据线/包装盒/手机套/钢化膜本交易仅支持自提、当面交易、邮寄本交易仅支持自提、当\r\n\r\n面交易、邮寄本交易仅支持自提、当面交易、邮寄。'),(70,24,'iphone6splus','1520.000',2,'/B15.jpg','2019-02-06',1,0,'转手原因:换xr了使用感受:非常好 没有任何问题手机去年暑假刚入手 几乎全新 有几处磕碰 有需要的联系'),(71,25,'13000ma多功能充电宝网络分享','50.000',3,'/B22.jpg','2019-04-03',1,1,'可以接网线当中继用，也可以插优盘内存卡放出wifi手机查看，喜欢折腾的可以咨询，当然只是一个13000充电\r\n\r\n宝都已经很划算了。'),(72,25,'背夹充电宝大容量苹果6电池超薄20000毫安6s…','60.650',3,'/B23.jpg','2019-04-09',1,0,'颜色分类4.7寸【轻薄】中国红'),(73,26,'JBL T110入耳式游戏耳机K歌线控手机通用面条耳','68.000',3,'/B24.jpg','2019-04-03',1,0,'带麦克风，全新盒装JBL百元耳机新纪元，官网售价99元，让利促销'),(74,26,'全新国行原封 B&O E8真无线蓝牙耳机','1350.000',3,'/B25.jpg','2019-04-04',1,1,'全新行货原封 B&O E8真无线蓝牙耳机入耳式耳塞，原封黑色 灰色[机智][机智]到了点货要的私聊。'),(75,27,'instax mini90相机 一次成像 套餐含拍立得相纸','359.000',3,'/B26.jpg','2019-02-19',1,0,'instax mini90相机 一次成像 套餐含拍立得相纸 复古照相机【包邮】【在售价】759.00元【券后价】359.00\r\n\r\n元'),(76,27,'苹果笔记本电脑 Mak Book Pro 闲置转让','1300.000',1,'/B27.jpg','2019-04-10',1,1,'苹果笔记本电脑 Mak Book Pro 闲置转让 苹果笔记本电脑 苹果笔记本电脑 自用一台苹果笔记本电脑 闲置了\r\n\r\n苹果笔记本电脑 Mak Book Pro 没有拆过机，没有维修过，没有进过水一直有保护膜贴着，所以外观各种也都\r\n\r\n很新有正品发票，电脑配件全部原装，都很齐全，支持验机支持双系统:苹果系统＋win7系统4G运行内存 320G\r\n\r\n高速硬盘 电脑内置有WiFi 蓝牙 光驱 前置摄像头办公 打游戏 PS 作图作画 上网追剧都没有问题，非常流畅\r\n\r\n充电器 电脑包 鼠标 键盘膜 一应原装 性价比很高喜欢的朋友向我发起私聊哦！'),(77,32,'羊绒衫','20.000',5,'/C1.jpg','2018-12-31',1,0,'90码，正品羊绒衫，韩国买的！因为是羊绒，所以有起球哦！好想买了300多，我很喜欢的一件，搭配大衣，连衣裙，羽绒服都非常合适！喜欢就拍走吧，拍照前已经洗干净了，新旧程度见图，不包邮，不议价！议价就不回复了！！！'),(78,32,'女士毛衣','50.000',5,'/C2.jpg','2019-04-01',1,0,'女士毛衣，九成新，三件50块。'),(80,32,'黑色大衣','57.000',5,'/C3.jpg','2019-05-03',1,1,'s码 穿了两个季节就闲置了 上学背书包不好搭配极其扛风 有重量'),(81,32,'韩国X2西装外套拼接','89.000',5,'/C4.jpg','2019-02-05',1,0,'拼接西装外套九新 便宜出售出不退不换'),(82,33,'直筒裤女春宽松九分牛仔裤显瘦不规则毛边','70.000',5,'/C6.jpg','2019-04-03',1,1,'颜色分类:灰蓝色,尺码:L只穿过一天，因为本人身高比较高，穿着感觉有点短了。'),(83,34,'鹿皮绒羊羔毛外套','68.000',5,'/C7.jpg','2019-04-06',1,1,'转手原因:肩膀太小撑不起来仅试穿 下图实拍'),(84,34,'双韵子/早安日记/2018冬季新款宽松棉衣女外套…','50.000',5,'/C8.jpg','2019-04-07',1,1,'还可以，质量一般吧，喜欢款式的小仙女可以试一试'),(85,34,'紫色濑兔毛皮草','500.000',2,'/C9.jpg','2019-04-08',1,0,'紫色濑兔毛皮草，去年买的，l码，全新一次没穿过，年后胖了很多斤穿不上了，一直闲置，绝对正品，皮草城买的，货真价实！有喜欢的私我！有礼品！'),(86,35,'玉生烟汉元素齐胸襦裙改良汉服一件式连衣裙女古风广袖日常古装服','69.900',2,'/C11.jpg','2019-04-03',1,1,'服装送 园扇 ,眉心贴 ,香包 另 送发带,送发带,送发带,。连衣裙 上身是 棉麻 ,裙子是雪纺 ,都可以平常穿的。您好。欢迎光临. 如有开团请去拼单,没有拼单的请开单,拼单发货更快哦! 默认发申通 圆通 如果急用 建议发顺丰 !上部分前后是精琉棉麻,健康 、舒适、防静电 拥有独特的美感和实用价值,受到贵族们的喜欢!袖子和下摆精品雪纺面料,具有垂感好、丝滑柔顺、三段纯工捏皱、用料足,价格会不定时上调,喜欢的亲们赶紧下手吧! 在保持原版版型跟细节不变的基础下,面料进行了升级,全部换成了好料子,收到后你就知道多值了!! 扇子- 香包 -眉心贴- 不是卖品 如果因为这个3样坏了或者少了退货 该不接受 我们每一套都有赠品购买前认真阅读以免出现不愉快的购物 默认,申通,圆通,厂家直销不议价!清仓处理 不是卖残次! 一缕烟眷眷,不似恋青山。开在磐石间,原是玉生烟。 在保持原版版型跟细节不变的基础下,面料进行了升级,全部换成了好料子,收到后你就知道多值了!!'),(87,35,'醉宠爱民族风传统汉服交领襦裙齐腰青花瓷刺绣','99.000',2,'/C12.jpg','2019-04-03',1,1,'图片色，上衣＋裙子搭配非常好看，S M L尺码，详情看图片'),(88,42,'海尔洗衣机','329.000',1,'/D1.jpg','2019-03-26',1,1,'海尔半自动，双岗波轮洗衣机，7公斤。入手半年多，没用过几次。九五成新，外层塑料保护膜还没撕。换新家，房东配了洗衣机，这个放着占地方。坐标学校租房附近，有要的自提。'),(89,42,'小鸭牌小型洗衣机','150.000',1,'/D2.jpg','2019-04-03',1,0,'买了打算宿舍用，但是宿舍没有水龙头，就闲置了。照片是我为了说清楚洗衣机各种参数找的，洗衣机99新，各种配件都在，包装盒泡沫板都在。功率170w，宿舍完全OK，声音不大，有意联系。'),(90,42,'6.2公斤全自动洗衣机，免费送货。','450.000',1,'/D3.jpg','2019-04-04',1,0,'长虹品牌，6.2公斤容量，不锈钢内筒，正常使用，价格450。'),(91,42,'西门子滚筒洗衣机出售','599.000',1,'/D4.jpg','2019-04-05',1,0,'西门子滚筒洗衣机出售，正常使用，噪音小，带时间显示！需要的联系，可送货，安装。'),(92,43,'Kyrie 5 欧文5代 实战篮球鞋40-46带半码','195.000',1,'/D5.jpg','2019-04-06',1,0,'Kyrie 5 欧文5代 实战篮球鞋40-46带半码'),(93,43,'白色匡威经典款','79.000',1,'/D6.jpg','2019-04-07',1,0,'匡威帆布鞋 实拍图保证和图片一样！全新高质量高品质公司级 才入手 和闺蜜一起穿过一次现有36和37码'),(94,44,'苏泊尔电火锅','50.000',1,'/D7.jpg','2019-04-01',1,0,'苏泊尔电火锅，自用，因为准备离校处理了。'),(95,44,'学生宿舍电煮锅多功能电热炒菜锅小功率迷你煮饭锅家…','60.000',1,'/D8.jpg','2019-04-02',1,0,'颜色分类24CM电炒锅+蒸格（容量3L)'),(96,45,'大学','9999.988',2,'/8CE004883C8441EBACB27AC256D90087.jpg','2019-04-01',1,0,'在比尔吉沃特事件当中新增到大乱斗地图的两个试验性装备，水手的复仇以及幽魂行者虽然为这个模式带来了独特有趣的体验，但是拳头除了长期大乱斗的游戏健康考虑将会移除这两件装备。拳头表示，如果这两件装备想要回归大乱斗地图，还需要进一步的改善并且消除与特定英雄的“奇怪互动效果”。\r\n\r\n同样的，在这次改版大乱斗的过程中一个比较值得注意的就是新增了召唤师技能“回溯”。很多英雄都从此召唤师技能受益很多，不过根据拳头的数据，使用这个召唤师技能胜率最高的英雄为大嘴和布兰德。拳头决定暂时从大乱斗中移除掉这个召唤师技能，并且表示，如果此技能回归，很可能只保留近战英雄的脱离战场功能，而对远程英雄来说，它的效果会与屏障比较接近。\r\n\r\n比尔吉沃特事件中，拳头对大乱斗地图的小兵刷新频率进行了改动，目的是减少超过25分钟的游戏对局。而今天拳头表示这次的改动效果有些“太好了”，所以他们会在接下来的版本中稍微降低小兵的刷新频率。'),(97,45,'上学','9999.000',4,'/94B95BED4C444C3E822C7A967376C0B4.jpg','2019-04-30',1,1,'二：当数据库存储的是原生的textarea文本，这时候，输出\r\n到前端前需要解析文本。\r\n\r\n前提：textarea文本上传到后台时已经包含了换行回车符，\r\n如果你发现textarea上传时没有保存换行回车，可以尝试设\r\n置textarea标签属性wrap=\"hard\"\r\n\r\n(html5支持)'),(98,45,'大学ss','9999.000',5,'/7C3DC8BB240D48289F5D2A982D05D875.jpg','2019-04-01',1,0,'原标题：罕见！德国一对双胞胎相隔97天出生 或破世界纪\r\n录\r\n\r\n中新网4月19日电 据英国《泰晤士报》报道，德国科隆市一\r\n名女子生下一对双胞胎，中间隔了97天。\r\n医院方面称，“这种双胞胎在世界范围内非常罕见”，可能\r\n打破了世界纪录。'),(99,45,'违法','1111.000',23,'/65C97B384D9C4A9985152C57B11551FD.jpg','2019-04-04',1,0,'原标题：罕见！德国一对双胞胎相隔97天出生\r\n或破世界纪 录 中新网4月19日电 据英国《泰晤士报》报道，\r\n德国科隆市一\r\n名女子生下一对双胞胎，中间隔了97天。 医院方面称，“这种\r\n双胞胎在世界范围内非常罕见”，可能 打破了世界纪录。');

/*Table structure for table `sh_user` */

DROP TABLE IF EXISTS `sh_user`;

CREATE TABLE `sh_user` (
  `uid` int(11) NOT NULL AUTO_INCREMENT,
  `username` varchar(32) DEFAULT NULL,
  `password` varchar(32) DEFAULT NULL,
  `nickname` varchar(32) DEFAULT NULL,
  `sex` varchar(20) DEFAULT NULL,
  `email` varchar(32) DEFAULT NULL,
  `telephone` varchar(32) DEFAULT NULL,
  `birthday` date DEFAULT NULL,
  PRIMARY KEY (`uid`)
) ENGINE=InnoDB AUTO_INCREMENT=78 DEFAULT CHARSET=utf8;

/*Data for the table `sh_user` */

insert  into `sh_user`(`uid`,`username`,`password`,`nickname`,`sex`,`email`,`telephone`,`birthday`) values (11,'aa','aa','A大大','男','2499321646@qq.com','1522417952','2018-12-20'),(12,'ab','bb','B大大','女','249932@qq.com','15224','2018-12-25'),(13,'dd','dd','肝胆相照','男','24993216463@qq.com','863454179','2019-01-12'),(14,'ee','ee','查找','男','24993216463@qq.com','24993216463','2019-03-04'),(15,'iso','iso','coco','男','24993216463','89789','2015-06-25'),(16,'xa','1','股东','男','24993216463','666','2009-07-15'),(17,'fs','1','不后悔','男','24993216463','978978','2019-03-02'),(20,'red','1','第卅','女','24993216463@qq.com','24993216463','2019-01-17'),(21,'dfsa1','1','二饭','女','24993216463@qq.com','24993216463','2019-04-07'),(22,'sdfx','1','也是最新','女','86345424@qq.com','1442438933','2019-03-31'),(23,'aeq','1','花粉管','女','24993216463','24993216463','2018-01-01'),(24,'hdc','1','广东人','男','24993216463@163.com','24993216463','2018-11-25'),(25,'hdeq','1','羊肉汤','男','24993216463','24993216463','2016-09-12'),(26,'45sdf','1','新的','女','24993216463','24993216463','2019-02-01'),(27,'eqw3','1','滴答声','男','24993216463','24993216463','2018-09-10'),(28,'coco','coco','COCO','女','24993216463','24993216463','2018-08-15'),(68,'aaa','aaa','辐射电阻','女','ds@qq.coms','15215464132','2019-03-20'),(70,'bb','bb','风池穴','女','ds@qq.coms','da46465','2014-05-15'),(71,'abc','bac','大神降至','男','863454179@qq.com','15217624890','1965-03-25'),(72,'abcd','abc','大神降至','男','863454179@qq.com','15217624890','1965-03-25'),(75,'dsx','czd','asd','女','dsx@qq.com','12321341','2019-03-29'),(76,'banban','banban','BANBAN','女','1126933489@qq.coms','13058262638','1998-05-23'),(77,'xxx','xxx','郭小侠','男','8634541@163.cn','13058262638','2017-02-16');

/*!40101 SET SQL_MODE=@OLD_SQL_MODE */;
/*!40014 SET FOREIGN_KEY_CHECKS=@OLD_FOREIGN_KEY_CHECKS */;
/*!40014 SET UNIQUE_CHECKS=@OLD_UNIQUE_CHECKS */;
/*!40111 SET SQL_NOTES=@OLD_SQL_NOTES */;
